사용월,호선명,역ID,지하철역,유임승차,유임하차,무임승차,무임하차
Dec.24,1호선,150,서울역,1496624 ,1403500 ,231782 ,217616 
Dec.24,1호선,151,시청,689635 ,684140 ,148888 ,143883 
Dec.24,1호선,152,종각,1010431 ,977469 ,179003 ,167898 
Dec.24,1호선,153,종로3가,497844 ,452394 ,314812 ,287056 
Dec.24,1호선,154,종로5가,458015 ,446780 ,250472 ,244497 
Dec.24,1호선,155,동대문,252373 ,246241 ,133914 ,133772 
Dec.24,1호선,156,신설동,302848 ,289710 ,126462 ,121883 
Dec.24,1호선,157,제기동,240025 ,229286 ,271548 ,291781 
Dec.24,1호선,158,청량리(서울시립대입구),405925 ,403185 ,291292 ,289536 
Dec.24,1호선,159,동묘앞,155654 ,160983 ,157569 ,158444 
Dec.24,2호선,201,시청,728396 ,667467 ,77391 ,67462 
Dec.24,2호선,202,을지로입구,1460314 ,1466229 ,127287 ,117047 
Dec.24,2호선,203,을지로3가,674616 ,664419 ,81296 ,79903 
Dec.24,2호선,204,을지로4가,338976 ,340995 ,79832 ,80225 
Dec.24,2호선,205,동대문역사문화공원(DDP),414426 ,485709 ,62597 ,67905 
Dec.24,2호선,206,신당,369514 ,394468 ,96571 ,98567 
Dec.24,2호선,207,상왕십리,362740 ,352715 ,73500 ,74874 
Dec.24,2호선,208,왕십리(성동구청),433232 ,399709 ,57419 ,52321 
Dec.24,2호선,209,한양대,306882 ,332091 ,14737 ,15907 
Dec.24,2호선,210,뚝섬,688604 ,719535 ,67614 ,67769 
Dec.24,2호선,211,성수,1375880 ,1488651 ,105498 ,106041 
Dec.24,2호선,212,건대입구,1066688 ,1127077 ,102048 ,106227 
Dec.24,2호선,213,구의(광진구청),648139 ,627702 ,117634 ,117942 
Dec.24,2호선,214,강변(동서울터미널),766156 ,712636 ,121142 ,115929 
Dec.24,2호선,215,잠실나루,338812 ,325962 ,92899 ,92064 
Dec.24,2호선,216,잠실(송파구청),2442975 ,2420022 ,241917 ,233981 
Dec.24,2호선,217,잠실새내,606073 ,598402 ,122947 ,121380 
Dec.24,2호선,218,종합운동장,200621 ,224194 ,50200 ,52076 
Dec.24,2호선,219,삼성(무역센터),1549003 ,1548465 ,138582 ,127448 
Dec.24,2호선,220,선릉,1381021 ,1224475 ,245404 ,215631 
Dec.24,2호선,221,역삼,1239880 ,1403406 ,156707 ,160139 
Dec.24,2호선,222,강남,2217530 ,2200980 ,171790 ,151258 
Dec.24,2호선,223,교대(법원.검찰청),735182 ,889228 ,166582 ,199787 
Dec.24,2호선,224,서초,570340 ,554973 ,105074 ,106167 
Dec.24,2호선,225,방배,419176 ,434386 ,84721 ,83951 
Dec.24,2호선,226,사당,1128699 ,1211574 ,258251 ,241295 
Dec.24,2호선,227,낙성대(강감찬),711502 ,681838 ,117902 ,119254 
Dec.24,2호선,228,서울대입구(관악구청),1210564 ,1164985 ,190295 ,179676 
Dec.24,2호선,229,봉천,570567 ,520849 ,159216 ,158585 
Dec.24,2호선,230,신림,1477335 ,1436955 ,214369 ,214640 
Dec.24,2호선,231,신대방,625399 ,590520 ,139464 ,139523 
Dec.24,2호선,232,구로디지털단지,1469799 ,1448852 ,216429 ,216126 
Dec.24,2호선,233,대림(구로구청),596223 ,605769 ,142429 ,146435 
Dec.24,2호선,234,신도림,1356483 ,1324426 ,255030 ,240945 
Dec.24,2호선,235,문래,594379 ,618513 ,95436 ,95530 
Dec.24,2호선,236,영등포구청,553787 ,575488 ,113693 ,113158 
Dec.24,2호선,237,당산,506562 ,589365 ,67078 ,72272 
Dec.24,2호선,238,합정,942019 ,1041933 ,73736 ,75895 
Dec.24,2호선,239,홍대입구,2282202 ,2483706 ,109227 ,106825 
Dec.24,2호선,240,신촌,1071180 ,1091174 ,137085 ,134801 
Dec.24,2호선,241,이대,446233 ,490606 ,52036 ,55860 
Dec.24,2호선,242,아현,262311 ,243591 ,68736 ,67950 
Dec.24,2호선,243,충정로(경기대입구),252685 ,271336 ,48633 ,49527 
Dec.24,2호선,244,용답,71832 ,70649 ,18415 ,18273 
Dec.24,2호선,245,신답,38283 ,43186 ,9613 ,10182 
Dec.24,2호선,246,신설동,80254 ,77457 ,34854 ,36656 
Dec.24,2호선,247,도림천,29757 ,31361 ,8654 ,9849 
Dec.24,2호선,248,양천구청,146664 ,155397 ,56494 ,57299 
Dec.24,2호선,249,신정네거리,227933 ,234152 ,78049 ,80079 
Dec.24,2호선,250,용두(동대문구청),51711 ,52072 ,25271 ,26635 
Dec.24,3호선,309,지축,186363 ,184646 ,39357 ,37841 
Dec.24,3호선,310,구파발,522875 ,508044 ,143136 ,136175 
Dec.24,3호선,311,연신내,773893 ,741081 ,268869 ,260862 
Dec.24,3호선,312,불광,355758 ,376015 ,151077 ,167958 
Dec.24,3호선,313,녹번,372930 ,335037 ,84012 ,83026 
Dec.24,3호선,314,홍제,389856 ,367265 ,150659 ,147972 
Dec.24,3호선,315,무악재,93820 ,91333 ,33541 ,35993 
Dec.24,3호선,316,독립문,159743 ,165072 ,73499 ,73625 
Dec.24,3호선,317,경복궁(정부서울청사),679463 ,705469 ,100361 ,100094 
Dec.24,3호선,318,안국,712449 ,739255 ,115681 ,123356 
Dec.24,3호선,319,종로3가,261262 ,301948 ,70976 ,80382 
Dec.24,3호선,320,을지로3가,307534 ,307469 ,54397 ,51166 
Dec.24,3호선,321,충무로,428 ,0 ,6 ,0 
Dec.24,3호선,322,동대입구,287253 ,315537 ,44230 ,48605 
Dec.24,3호선,323,약수,293900 ,294775 ,86478 ,81862 
Dec.24,3호선,324,금호,185585 ,174636 ,56603 ,55856 
Dec.24,3호선,325,옥수,204564 ,212962 ,63624 ,64056 
Dec.24,3호선,326,압구정,804050 ,871217 ,150579 ,148845 
Dec.24,3호선,327,신사,767108 ,808191 ,77408 ,75234 
Dec.24,3호선,328,잠원,120388 ,114869 ,34317 ,32867 
Dec.24,3호선,329,고속터미널,1427029 ,1377362 ,245590 ,228510 
Dec.24,3호선,330,교대(법원.검찰청),401860 ,227545 ,98353 ,53980 
Dec.24,3호선,331,남부터미널(예술의전당),816073 ,825649 ,139162 ,139591 
Dec.24,3호선,332,양재(서초구청),929768 ,997096 ,167339 ,169049 
Dec.24,3호선,333,매봉,290948 ,282154 ,80609 ,75708 
Dec.24,3호선,334,도곡,145724 ,147629 ,34368 ,32575 
Dec.24,3호선,335,대치,273482 ,269488 ,76273 ,74569 
Dec.24,3호선,336,학여울,61203 ,63601 ,21427 ,21134 
Dec.24,3호선,337,대청,254985 ,238218 ,66506 ,64267 
Dec.24,3호선,338,일원,245009 ,234788 ,73108 ,72504 
Dec.24,3호선,339,수서,458853 ,454819 ,131509 ,127310 
Dec.24,3호선,340,가락시장,196715 ,195190 ,88056 ,85929 
Dec.24,3호선,341,경찰병원,168060 ,167343 ,49111 ,51090 
Dec.24,3호선,342,오금,156143 ,139817 ,36248 ,34506 
Dec.24,4호선,409,당고개,211170 ,174872 ,80477 ,79353 
Dec.24,4호선,410,상계,451501 ,413617 ,138983 ,135891 
Dec.24,4호선,411,노원,539484 ,623302 ,119644 ,118719 
Dec.24,4호선,412,창동,575780 ,611156 ,240461 ,247077 
Dec.24,4호선,413,쌍문,705107 ,641371 ,192896 ,189088 
Dec.24,4호선,414,수유(강북구청),840596 ,840896 ,207727 ,209443 
Dec.24,4호선,415,미아(서울사이버대학),353651 ,332079 ,126286 ,126857 
Dec.24,4호선,416,미아사거리,616278 ,603615 ,196834 ,197161 
Dec.24,4호선,417,길음,518562 ,513867 ,129753 ,129286 
Dec.24,4호선,418,성신여대입구(돈암),597666 ,572627 ,98375 ,97256 
Dec.24,4호선,419,한성대입구(삼선교),355565 ,342361 ,78515 ,77463 
Dec.24,4호선,420,혜화,1052566 ,1056243 ,136650 ,133382 
Dec.24,4호선,421,동대문,419647 ,443111 ,154468 ,150054 
Dec.24,4호선,422,동대문역사문화공원(DDP),546914 ,475468 ,70256 ,62453 
Dec.24,4호선,423,충무로,765734 ,793984 ,128343 ,131160 
Dec.24,4호선,424,명동,1073413 ,1172291 ,92923 ,97980 
Dec.24,4호선,425,회현(남대문시장),631059 ,664966 ,211986 ,212162 
Dec.24,4호선,426,서울역,340419 ,643502 ,44249 ,60461 
Dec.24,4호선,427,숙대입구(갈월),412502 ,396714 ,60196 ,56042 
Dec.24,4호선,428,삼각지,182630 ,215667 ,26692 ,28466 
Dec.24,4호선,429,신용산,584436 ,628722 ,61977 ,62744 
Dec.24,4호선,430,이촌(국립중앙박물관),249828 ,269337 ,56219 ,59474 
Dec.24,4호선,431,동작(현충원),28433 ,32278 ,12756 ,13049 
Dec.24,4호선,432,총신대입구(이수),423492 ,465621 ,169727 ,177752 
Dec.24,4호선,433,사당,690653 ,647205 ,113231 ,125376 
Dec.24,4호선,434,남태령,43978 ,43026 ,9303 ,9017 
Dec.24,경부선,1001,서울역,285795 ,106664 ,17309 ,4777 
Dec.24,경부선,1002,남영,245511 ,257476 ,41310 ,42190 
Dec.24,경부선,1003,용산,1245778 ,1258638 ,145239 ,144232 
Dec.24,경부선,1004,노량진,257639 ,281209 ,54527 ,55245 
Dec.24,경부선,1005,대방,262391 ,285159 ,62698 ,66470 
Dec.24,경부선,1006,영등포,1058342 ,1059407 ,321408 ,320204 
Dec.24,경부선,1007,신도림,90441 ,96383 ,25975 ,31460 
Dec.24,경부선,1032,신길,247988 ,225863 ,49768 ,46956 
Dec.24,경부선,1701,구로,423098 ,446689 ,115677 ,112449 
Dec.24,경부선,1702,가산디지털단지,459399 ,516842 ,43402 ,47214 
Dec.24,경부선,1703,금천구청,237573 ,241141 ,85018 ,86569 
Dec.24,경부선,1704,석수,197558 ,179747 ,51889 ,49802 
Dec.24,경부선,1705,관악,155138 ,148470 ,58103 ,56828 
Dec.24,경부선,1706,안양,559692 ,549699 ,133513 ,137260 
Dec.24,경부선,1707,명학,205603 ,201763 ,45684 ,44290 
Dec.24,경부선,1708,금정,692324 ,710468 ,144033 ,145484 
Dec.24,경부선,1709,군포,158750 ,155416 ,39916 ,38797 
Dec.24,경부선,1710,의왕,217409 ,214905 ,46311 ,45776 
Dec.24,경부선,1711,성균관대,400155 ,390993 ,67486 ,67217 
Dec.24,경부선,1712,화서,319875 ,308747 ,54557 ,52967 
Dec.24,경부선,1713,수원,1074725 ,1142773 ,176603 ,180805 
Dec.24,경부선,1714,독산,401333 ,407660 ,71879 ,73409 
Dec.24,경부선,1715,세류,88627 ,82443 ,19388 ,18740 
Dec.24,경부선,1716,병점,400954 ,399314 ,77792 ,77300 
Dec.24,경부선,1717,세마,82036 ,76262 ,16989 ,15793 
Dec.24,경부선,1718,오산대,93530 ,83929 ,18437 ,17173 
Dec.24,경부선,1719,오산,273204 ,270663 ,54312 ,54494 
Dec.24,경부선,1720,진위,39750 ,36016 ,10087 ,9887 
Dec.24,경부선,1721,송탄,119350 ,115389 ,22827 ,22075 
Dec.24,경부선,1722,서정리,221812 ,207894 ,38105 ,37390 
Dec.24,경부선,1723,평택지제,117515 ,111791 ,14938 ,14549 
Dec.24,경부선,1724,평택,356424 ,351835 ,75434 ,74089 
Dec.24,경부선,1725,성환,128897 ,124508 ,22255 ,21827 
Dec.24,경부선,1726,직산,25776 ,25172 ,5691 ,5335 
Dec.24,경부선,1727,두정,207965 ,219544 ,31064 ,31507 
Dec.24,경부선,1728,천안,163863 ,155131 ,59319 ,58202 
Dec.24,경부선,1729,당정,150044 ,141608 ,34741 ,33284 
Dec.24,경부선,1749,서동탄,35779 ,31296 ,7694 ,7322 
Dec.24,경부선,1750,광명,107432 ,87423 ,13031 ,12064 
Dec.24,경인선,1801,개봉,458744 ,449316 ,177017 ,182012 
Dec.24,경인선,1802,오류동,236053 ,219439 ,97578 ,94923 
Dec.24,경인선,1803,역곡,590111 ,583490 ,166603 ,171488 
Dec.24,경인선,1804,부천,713061 ,711763 ,245727 ,249074 
Dec.24,경인선,1805,송내,621796 ,610486 ,145978 ,143814 
Dec.24,경인선,1806,부평,723675 ,771925 ,167585 ,171068 
Dec.24,경인선,1807,백운,153040 ,145032 ,64003 ,63297 
Dec.24,경인선,1808,동암,347453 ,346617 ,116259 ,117284 
Dec.24,경인선,1809,주안,460112 ,408406 ,104353 ,93567 
Dec.24,경인선,1810,제물포,240348 ,227620 ,72336 ,71544 
Dec.24,경인선,1811,동인천,289286 ,267167 ,126688 ,124513 
Dec.24,경인선,1812,인천,77050 ,57889 ,34082 ,31048 
Dec.24,경인선,1813,구일,227212 ,261518 ,55001 ,55484 
Dec.24,경인선,1814,소사,162955 ,153875 ,64826 ,63155 
Dec.24,경인선,1815,부개,179476 ,164535 ,73877 ,72408 
Dec.24,경인선,1816,간석,119330 ,112197 ,49663 ,47915 
Dec.24,경인선,1817,도원,62373 ,61894 ,30555 ,31890 
Dec.24,경인선,1821,온수(성공회대입구),130453 ,122707 ,54847 ,52927 
Dec.24,경인선,1822,중동,188098 ,171257 ,80435 ,78749 
Dec.24,경인선,1823,도화,79498 ,71800 ,41667 ,40065 
Dec.24,경원선,1008,이촌(국립중앙박물관),85885 ,66091 ,33121 ,27335 
Dec.24,경원선,1009,서빙고,53375 ,54271 ,19383 ,18977 
Dec.24,경원선,1010,한남,72716 ,73621 ,26230 ,24921 
Dec.24,경원선,1011,옥수,1621 ,1110 ,181 ,81 
Dec.24,경원선,1012,응봉,33182 ,27459 ,16626 ,14984 
Dec.24,경원선,1013,왕십리(성동구청),434751 ,434183 ,85062 ,85965 
Dec.24,경원선,1014,청량리(서울시립대입구),384581 ,392192 ,156572 ,164473 
Dec.24,경원선,1016,외대앞,245565 ,235946 ,48867 ,48656 
Dec.24,경원선,1017,신이문,172817 ,156959 ,70625 ,69086 
Dec.24,경원선,1018,석계,156702 ,180800 ,63499 ,67961 
Dec.24,경원선,1019,광운대,190359 ,185096 ,60157 ,59097 
Dec.24,경원선,1020,월계,140824 ,125726 ,63894 ,60986 
Dec.24,경원선,1021,녹천,88293 ,71261 ,37693 ,34371 
Dec.24,경원선,1022,창동,77 ,0 ,3 ,0 
Dec.24,경원선,1901,방학,178464 ,171570 ,115605 ,112524 
Dec.24,경원선,1902,도봉,97986 ,90295 ,73406 ,72487 
Dec.24,경원선,1903,도봉산,127912 ,68743 ,110147 ,83648 
Dec.24,경원선,1904,망월사,168041 ,168425 ,75785 ,77452 
Dec.24,경원선,1905,회룡,225564 ,219541 ,162071 ,159767 
Dec.24,경원선,1906,의정부,461572 ,471576 ,127759 ,128609 
Dec.24,경원선,1907,가능,130291 ,123223 ,59086 ,59006 
Dec.24,경원선,1908,녹양,88887 ,82996 ,40127 ,37340 
Dec.24,경원선,1909,양주,162905 ,156868 ,58764 ,56792 
Dec.24,경원선,1910,덕계,140868 ,126237 ,39139 ,37636 
Dec.24,경원선,1911,덕정,148018 ,136891 ,37273 ,37150 
Dec.24,경원선,1912,지행,149331 ,149756 ,48308 ,48300 
Dec.24,경원선,1913,동두천중앙,52208 ,49999 ,35240 ,34619 
Dec.24,경원선,1914,보산,34793 ,31587 ,13964 ,13296 
Dec.24,경원선,1915,동두천,37033 ,35478 ,18321 ,18295 
Dec.24,경원선,1916,소요산,11173 ,11862 ,35379 ,35403 
Dec.24,경원선,1917,청산,2384 ,1668 ,1899 ,1647 
Dec.24,경원선,1918,전곡,24519 ,21563 ,11775 ,10740 
Dec.24,경원선,1919,연천,13231 ,11726 ,15497 ,15394 
Dec.24,안산선,1751,산본,377948 ,402113 ,117522 ,120039 
Dec.24,안산선,1752,대야미,114407 ,100387 ,33511 ,31224 
Dec.24,안산선,1753,반월,95663 ,91846 ,34661 ,34293 
Dec.24,안산선,1754,상록수,377813 ,379010 ,80476 ,81912 
Dec.24,안산선,1755,한대앞,241486 ,240128 ,48427 ,50066 
Dec.24,안산선,1756,중앙,499299 ,524838 ,77251 ,76741 
Dec.24,안산선,1757,고잔,225848 ,216480 ,42537 ,40977 
Dec.24,안산선,1758,초지,129811 ,128403 ,20776 ,20869 
Dec.24,안산선,1759,안산,328877 ,307545 ,42678 ,40574 
Dec.24,안산선,1760,신길온천,52666 ,45855 ,11048 ,10565 
Dec.24,안산선,1761,정왕,252661 ,253959 ,32701 ,33809 
Dec.24,안산선,1762,오이도,199521 ,198148 ,36640 ,36059 
Dec.24,안산선,1763,수리산,86134 ,68259 ,33074 ,30361 
Dec.24,과천선,1450,선바위,195396 ,158733 ,36714 ,34839 
Dec.24,과천선,1451,경마공원,91616 ,92428 ,82082 ,81475 
Dec.24,과천선,1452,대공원,59649 ,61028 ,28426 ,29802 
Dec.24,과천선,1453,과천,148450 ,135676 ,53249 ,50574 
Dec.24,과천선,1454,정부과천청사,304945 ,321410 ,65383 ,64244 
Dec.24,과천선,1455,인덕원,622705 ,630383 ,139909 ,144630 
Dec.24,과천선,1456,평촌,437554 ,418785 ,74745 ,74088 
Dec.24,과천선,1457,범계,723279 ,723245 ,137266 ,134369 
Dec.24,분당선,1023,선릉,294833 ,455413 ,49474 ,66991 
Dec.24,분당선,1024,한티,361147 ,383825 ,74225 ,76115 
Dec.24,분당선,1025,도곡,160205 ,165988 ,57917 ,56029 
Dec.24,분당선,1026,구룡,72509 ,70507 ,27822 ,27877 
Dec.24,분당선,1027,개포동,96106 ,98906 ,34893 ,35629 
Dec.24,분당선,1028,대모산입구,129168 ,122602 ,38888 ,38186 
Dec.24,분당선,1030,수서,426512 ,444793 ,80781 ,84996 
Dec.24,분당선,1031,복정,100 ,0 ,0 ,0 
Dec.24,분당선,1846,수원,208057 ,195315 ,36606 ,33877 
Dec.24,분당선,1847,서울숲,316551 ,327123 ,30456 ,30068 
Dec.24,분당선,1848,압구정로데오,525116 ,586768 ,50161 ,48393 
Dec.24,분당선,1849,강남구청,222433 ,260718 ,41718 ,46188 
Dec.24,분당선,1850,선정릉,166363 ,174955 ,32752 ,32060 
Dec.24,분당선,1851,가천대,239178 ,245022 ,29987 ,30480 
Dec.24,분당선,1852,태평,295459 ,269484 ,99427 ,103637 
Dec.24,분당선,1853,모란,429430 ,428235 ,180264 ,196339 
Dec.24,분당선,1854,야탑,578829 ,617346 ,181036 ,183287 
Dec.24,분당선,1855,서현,584160 ,595470 ,139154 ,135231 
Dec.24,분당선,1856,수내,307276 ,308126 ,83551 ,82142 
Dec.24,분당선,1857,정자,453635 ,476460 ,76805 ,76677 
Dec.24,분당선,1858,미금,326583 ,338152 ,119165 ,124857 
Dec.24,분당선,1859,오리,247558 ,210474 ,79211 ,70307 
Dec.24,분당선,1860,이매,122662 ,118265 ,42623 ,42459 
Dec.24,분당선,1861,보정,51690 ,46066 ,21333 ,20506 
Dec.24,분당선,1862,죽전,323742 ,369009 ,79911 ,87808 
Dec.24,분당선,1863,구성,155546 ,157144 ,44559 ,44360 
Dec.24,분당선,1864,신갈,107049 ,103289 ,33418 ,33023 
Dec.24,분당선,1865,기흥,262011 ,242191 ,50831 ,50172 
Dec.24,분당선,1866,상갈,119278 ,112966 ,34634 ,34228 
Dec.24,분당선,1867,청명,111594 ,107002 ,24149 ,23768 
Dec.24,분당선,1868,영통,232882 ,230391 ,36915 ,36480 
Dec.24,분당선,1869,망포,395710 ,375796 ,48080 ,46624 
Dec.24,분당선,1870,매탄권선,135087 ,130000 ,26179 ,25316 
Dec.24,분당선,1871,수원시청,366177 ,400420 ,55798 ,57558 
Dec.24,분당선,1872,매교,124220 ,121903 ,28434 ,28400 
Dec.24,일산선,1948,원흥,268567 ,252201 ,70502 ,67708 
Dec.24,일산선,1949,지축,17 ,0 ,1 ,0 
Dec.24,일산선,1950,삼송,481676 ,456923 ,105106 ,105269 
Dec.24,일산선,1951,원당,250727 ,234816 ,86311 ,85382 
Dec.24,일산선,1952,화정,392559 ,403002 ,134772 ,137286 
Dec.24,일산선,1953,대곡,99311 ,81053 ,16488 ,14442 
Dec.24,일산선,1954,백석,226803 ,231442 ,83963 ,84088 
Dec.24,일산선,1955,마두,157293 ,159375 ,75400 ,76443 
Dec.24,일산선,1956,정발산,172409 ,178979 ,60857 ,57656 
Dec.24,일산선,1957,주엽,190049 ,191112 ,101255 ,104373 
Dec.24,일산선,1958,대화,367591 ,286436 ,94511 ,86519 
Dec.24,중앙선,1015,회기,661075 ,624658 ,131936 ,129985 
Dec.24,중앙선,1201,중랑,108507 ,102539 ,50908 ,50508 
Dec.24,중앙선,1202,상봉,129448 ,130732 ,45346 ,44831 
Dec.24,중앙선,1203,망우,150736 ,142572 ,74485 ,75706 
Dec.24,중앙선,1204,양원,64440 ,61375 ,22786 ,23066 
Dec.24,중앙선,1205,구리,191729 ,202788 ,59011 ,61321 
Dec.24,중앙선,1206,도농,215427 ,193175 ,69164 ,66402 
Dec.24,중앙선,1207,양정,9104 ,7887 ,5638 ,4850 
Dec.24,중앙선,1208,덕소,113121 ,112911 ,49366 ,50176 
Dec.24,중앙선,1209,도심,51402 ,37729 ,20088 ,18092 
Dec.24,중앙선,1210,팔당,14964 ,15989 ,7574 ,7430 
Dec.24,중앙선,1211,운길산,8982 ,8217 ,8393 ,8404 
Dec.24,중앙선,1212,양수,32753 ,31927 ,21268 ,21094 
Dec.24,중앙선,1213,신원,2211 ,1999 ,4862 ,4640 
Dec.24,중앙선,1214,국수,11370 ,10756 ,9257 ,9216 
Dec.24,중앙선,1215,아신,9032 ,8874 ,6027 ,5962 
Dec.24,중앙선,1216,오빈,4181 ,4063 ,4221 ,4248 
Dec.24,중앙선,1217,양평,62030 ,63046 ,34031 ,34523 
Dec.24,중앙선,1218,원덕,4314 ,4103 ,5787 ,5516 
Dec.24,중앙선,1219,용문,28628 ,28912 ,30707 ,30694 
Dec.24,중앙선,1220,지평,531 ,794 ,719 ,705 
Dec.24,장항선,1401,봉명,27353 ,27386 ,11623 ,11290 
Dec.24,장항선,1402,쌍용(나사렛대),64855 ,62166 ,16487 ,15890 
Dec.24,장항선,1403,아산,112562 ,98496 ,14501 ,13349 
Dec.24,장항선,1404,탕정,49403 ,43891 ,7521 ,6948 
Dec.24,장항선,1405,배방,31676 ,31279 ,7317 ,7094 
Dec.24,장항선,1407,온양온천,90025 ,90932 ,66750 ,67041 
Dec.24,장항선,1408,신창(순천향대),45146 ,43722 ,6390 ,5791 
Dec.24,경의선,1252,신촌,19890 ,26567 ,3224 ,4226 
Dec.24,경의선,1261,효창공원앞,76044 ,86586 ,16933 ,18818 
Dec.24,경의선,1263,서강대,51911 ,52517 ,12293 ,11274 
Dec.24,경의선,1265,가좌,119988 ,115295 ,46398 ,46131 
Dec.24,경의선,1267,수색,67845 ,70444 ,18560 ,18773 
Dec.24,경의선,1268,한국항공대,56418 ,51385 ,8421 ,8116 
Dec.24,경의선,1269,강매,72038 ,59183 ,19584 ,18005 
Dec.24,경의선,1270,행신,194356 ,189720 ,42390 ,42898 
Dec.24,경의선,1271,능곡,102666 ,93545 ,34619 ,33197 
Dec.24,경의선,1272,곡산,12254 ,12531 ,5669 ,5713 
Dec.24,경의선,1273,백마,171069 ,163787 ,41125 ,40601 
Dec.24,경의선,1274,풍산,142372 ,132088 ,43735 ,42530 
Dec.24,경의선,1275,일산,244468 ,236064 ,74790 ,75109 
Dec.24,경의선,1276,탄현,182011 ,170324 ,44242 ,43437 
Dec.24,경의선,1277,야당,218630 ,222808 ,44201 ,43694 
Dec.24,경의선,1278,운정,185211 ,168787 ,45100 ,43695 
Dec.24,경의선,1279,금릉,129259 ,119521 ,32270 ,31394 
Dec.24,경의선,1280,금촌,149075 ,141188 ,50559 ,50252 
Dec.24,경의선,1282,월롱,49343 ,41657 ,8884 ,9104 
Dec.24,경의선,1283,파주,30781 ,23342 ,7180 ,6341 
Dec.24,경의선,1284,문산,120894 ,116195 ,45372 ,44965 
Dec.24,경의선,1285,임진강,278 ,179 ,143 ,141 
Dec.24,경의선,1286,운천,34 ,14 ,115 ,90 
Dec.24,경의선,1291,서울역,92990 ,120033 ,17211 ,20297 
Dec.24,경의선,1292,공덕,111755 ,84982 ,18047 ,16402 
Dec.24,경의선,1293,홍대입구,63548 ,80842 ,6124 ,6718 
Dec.24,경의선,1294,디지털미디어시티,68871 ,62310 ,13420 ,14543 
Dec.24,경의선,1296,계양,9 ,0 ,0 ,0 
Dec.24,경의선,1297,검암,1 ,0 ,0 ,0 
Dec.24,경춘선,1311,신내,60356 ,55049 ,20952 ,20242 
Dec.24,경춘선,1312,갈매,55745 ,47376 ,20984 ,19614 
Dec.24,경춘선,1313,별내,51209 ,45961 ,20378 ,18189 
Dec.24,경춘선,1314,퇴계원,67475 ,60094 ,30647 ,28993 
Dec.24,경춘선,1315,사릉,42696 ,40919 ,16150 ,15806 
Dec.24,경춘선,1316,금곡,25525 ,24393 ,16208 ,15646 
Dec.24,경춘선,1317,평내호평,132709 ,128210 ,50860 ,48823 
Dec.24,경춘선,1318,천마산,26468 ,23240 ,18287 ,18003 
Dec.24,경춘선,1319,마석,77107 ,73613 ,37221 ,36555 
Dec.24,경춘선,1320,대성리,9353 ,8771 ,5528 ,5087 
Dec.24,경춘선,1321,청평,33503 ,32169 ,19851 ,19313 
Dec.24,경춘선,1322,상천,3148 ,2850 ,3671 ,3420 
Dec.24,경춘선,1323,가평,41732 ,40474 ,15281 ,14855 
Dec.24,경춘선,1324,굴봉산,1531 ,2428 ,1430 ,1405 
Dec.24,경춘선,1325,백양리,7508 ,5904 ,1228 ,1209 
Dec.24,경춘선,1326,강촌,8023 ,7732 ,4368 ,4334 
Dec.24,경춘선,1327,김유정,7083 ,7183 ,4594 ,4639 
Dec.24,경춘선,1328,남춘천,66569 ,67387 ,25789 ,26181 
Dec.24,경춘선,1329,춘천,34595 ,30765 ,14910 ,12729 
Dec.24,수인선,1873,고색,133612 ,129004 ,23171 ,21759 
Dec.24,수인선,1874,오목천,106453 ,88985 ,18079 ,17309 
Dec.24,수인선,1875,어천,34190 ,31314 ,7891 ,8587 
Dec.24,수인선,1876,야목,8790 ,7285 ,2497 ,2083 
Dec.24,수인선,1877,사리,123421 ,104407 ,21219 ,19085 
Dec.24,수인선,1878,달월,1517 ,1418 ,898 ,482 
Dec.24,수인선,1879,월곶,65825 ,57706 ,19887 ,19534 
Dec.24,수인선,1880,소래포구,97162 ,90420 ,48480 ,47143 
Dec.24,수인선,1881,인천논현,120199 ,128210 ,39432 ,39863 
Dec.24,수인선,1882,호구포,84853 ,88575 ,23964 ,23377 
Dec.24,수인선,1883,남동인더스파크,49799 ,57701 ,7047 ,7327 
Dec.24,수인선,1884,원인재,98143 ,104244 ,37995 ,38313 
Dec.24,수인선,1885,연수,105369 ,103445 ,35250 ,35619 
Dec.24,수인선,1886,송도,48952 ,43176 ,23934 ,22542 
Dec.24,수인선,1888,인하대,162129 ,147365 ,32202 ,30613 
Dec.24,수인선,1889,숭의,85930 ,77195 ,32319 ,30638 
Dec.24,수인선,1890,신포,38539 ,39263 ,15881 ,15888 
Dec.24,수인선,1891,인천,18767 ,33646 ,13881 ,17720 
Dec.24,경강선,1501,판교,149292 ,146470 ,22040 ,19380 
Dec.24,경강선,1502,이매,25160 ,21030 ,6790 ,6132 
Dec.24,경강선,1503,삼동,57099 ,51003 ,14853 ,14892 
Dec.24,경강선,1504,경기광주,190215 ,178742 ,35810 ,36234 
Dec.24,경강선,1505,초월,90751 ,82855 ,17953 ,17259 
Dec.24,경강선,1506,곤지암,55698 ,52600 ,15162 ,14797 
Dec.24,경강선,1507,신둔도예촌,35732 ,32936 ,9276 ,8796 
Dec.24,경강선,1508,이천,77534 ,81262 ,15767 ,16546 
Dec.24,경강선,1509,부발,63025 ,60848 ,11090 ,10890 
Dec.24,경강선,1510,세종대왕릉,6242 ,6156 ,3800 ,3758 
Dec.24,경강선,1511,여주,70741 ,68276 ,21023 ,20800 
Dec.24,경강선,1512,성남,25706 ,22115 ,6619 ,6776 
Dec.24,서해선,1980,김포공항,78173 ,108866 ,11724 ,20228 
Dec.24,서해선,1981,원종,101964 ,100424 ,43678 ,44620 
Dec.24,서해선,1982,부천종합운동장,73258 ,62216 ,9643 ,7981 
Dec.24,5호선,2511,방화,148678 ,140868 ,58407 ,57573 
Dec.24,5호선,2512,개화산,139251 ,131968 ,45595 ,43505 
Dec.24,5호선,2513,김포공항,345877 ,214585 ,57842 ,46619 
Dec.24,5호선,2514,송정,143006 ,135571 ,54648 ,52246 
Dec.24,5호선,2515,마곡,288257 ,293665 ,51167 ,50152 
Dec.24,5호선,2516,발산,576145 ,599692 ,123620 ,119437 
Dec.24,5호선,2517,우장산,336936 ,328159 ,107501 ,111360 
Dec.24,5호선,2518,화곡,690284 ,639744 ,162925 ,156075 
Dec.24,5호선,2519,까치산,663433 ,628837 ,168167 ,169610 
Dec.24,5호선,2520,신정(은행정),328852 ,265569 ,69493 ,67155 
Dec.24,5호선,2521,목동,400802 ,428660 ,92336 ,94316 
Dec.24,5호선,2522,오목교(목동운동장앞),545205 ,576387 ,99831 ,98628 
Dec.24,5호선,2523,양평,194752 ,188165 ,33077 ,32446 
Dec.24,5호선,2524,영등포구청,119155 ,116888 ,22052 ,21629 
Dec.24,5호선,2525,영등포시장,296713 ,291315 ,88102 ,89578 
Dec.24,5호선,2526,신길,151771 ,153379 ,14706 ,15161 
Dec.24,5호선,2527,여의도,891398 ,974532 ,69170 ,69418 
Dec.24,5호선,2528,여의나루,375461 ,449486 ,35951 ,34139 
Dec.24,5호선,2529,마포,384881 ,384243 ,73297 ,72602 
Dec.24,5호선,2530,공덕,383305 ,406514 ,57881 ,55380 
Dec.24,5호선,2531,애오개,149507 ,148381 ,41765 ,40238 
Dec.24,5호선,2532,충정로(경기대입구),126010 ,127293 ,18911 ,18825 
Dec.24,5호선,2533,서대문,510742 ,513829 ,79460 ,75103 
Dec.24,5호선,2534,광화문(세종문화회관),987223 ,1040468 ,142916 ,143852 
Dec.24,5호선,2535,종로3가,383590 ,377420 ,105103 ,105986 
Dec.24,5호선,2536,을지로4가,142860 ,144172 ,44715 ,43151 
Dec.24,5호선,2537,동대문역사문화공원(DDP),82105 ,94269 ,9861 ,10936 
Dec.24,5호선,2538,청구,87839 ,85729 ,24922 ,21435 
Dec.24,5호선,2539,신금호,149758 ,156620 ,41267 ,46559 
Dec.24,5호선,2540,행당,187592 ,165321 ,54603 ,49762 
Dec.24,5호선,2541,왕십리(성동구청),117564 ,142778 ,28070 ,29455 
Dec.24,5호선,2542,마장,135745 ,127688 ,46665 ,45860 
Dec.24,5호선,2543,답십리,391309 ,349494 ,91285 ,87763 
Dec.24,5호선,2544,장한평,477134 ,467730 ,108578 ,110749 
Dec.24,5호선,2545,군자(능동),317505 ,351634 ,47831 ,52545 
Dec.24,5호선,2546,아차산(어린이대공원후문),337699 ,326666 ,113340 ,110251 
Dec.24,5호선,2547,광나루(장신대),279400 ,263615 ,71908 ,71355 
Dec.24,5호선,2548,천호(풍납토성),458495 ,441287 ,165681 ,164706 
Dec.24,5호선,2549,강동,440201 ,425885 ,123158 ,119554 
Dec.24,5호선,2550,길동,175454 ,180665 ,89058 ,91001 
Dec.24,5호선,2551,굽은다리(강동구민회관앞),219600 ,212147 ,92592 ,87384 
Dec.24,5호선,2552,명일,180358 ,178023 ,74974 ,76119 
Dec.24,5호선,2553,고덕,233915 ,222664 ,83050 ,80751 
Dec.24,5호선,2554,상일동,338299 ,316527 ,101837 ,100630 
Dec.24,5호선,2555,둔촌동,218555 ,217624 ,83596 ,83976 
Dec.24,5호선,2556,올림픽공원(한국체대),120810 ,103210 ,41479 ,36031 
Dec.24,5호선,2557,방이,166772 ,172447 ,56506 ,56879 
Dec.24,5호선,2558,오금,86348 ,87016 ,24528 ,23496 
Dec.24,5호선,2559,개롱,143627 ,148252 ,56905 ,58472 
Dec.24,5호선,2560,거여,230594 ,221393 ,75062 ,72593 
Dec.24,5호선,2561,마천,158597 ,137937 ,60670 ,62030 
Dec.24,5호선,2562,강일,135462 ,121672 ,49232 ,47377 
Dec.24,5호선,2563,미사,455126 ,461113 ,99944 ,99099 
Dec.24,5호선,2564,하남풍산,102100 ,101818 ,38904 ,38299 
Dec.24,5호선,2565,하남시청(덕풍·신장),177238 ,162689 ,86369 ,86175 
Dec.24,5호선,2566,하남검단산,152120 ,144000 ,58805 ,58121 
Dec.24,6호선,2611,응암,406498 ,400737 ,132728 ,131244 
Dec.24,6호선,2612,역촌,76957 ,98523 ,35182 ,35437 
Dec.24,6호선,2613,불광,101131 ,99621 ,46413 ,37694 
Dec.24,6호선,2614,독바위,60298 ,59207 ,21377 ,26127 
Dec.24,6호선,2615,연신내,63 ,0 ,7 ,0 
Dec.24,6호선,2616,구산,190906 ,126370 ,58316 ,60811 
Dec.24,6호선,2617,새절(신사),284940 ,261114 ,94094 ,93716 
Dec.24,6호선,2618,증산(명지대앞),211900 ,209093 ,75875 ,76562 
Dec.24,6호선,2619,디지털미디어시티,369383 ,403636 ,65262 ,66091 
Dec.24,6호선,2620,월드컵경기장(성산),87347 ,92940 ,50210 ,48775 
Dec.24,6호선,2621,마포구청,346698 ,315496 ,87233 ,80038 
Dec.24,6호선,2622,망원,400180 ,429521 ,88481 ,91632 
Dec.24,6호선,2623,합정,392520 ,384507 ,46169 ,41905 
Dec.24,6호선,2624,상수,303066 ,343963 ,22434 ,22805 
Dec.24,6호선,2625,광흥창(서강),233161 ,219824 ,59584 ,58503 
Dec.24,6호선,2626,대흥(서강대앞),226643 ,239862 ,50392 ,49721 
Dec.24,6호선,2627,공덕,493207 ,475241 ,88716 ,82959 
Dec.24,6호선,2628,효창공원앞,182258 ,165741 ,41180 ,38110 
Dec.24,6호선,2629,삼각지,219228 ,192644 ,23000 ,19505 
Dec.24,6호선,2630,녹사평(용산구청),136982 ,144585 ,18653 ,18335 
Dec.24,6호선,2631,이태원,336818 ,372855 ,31640 ,31801 
Dec.24,6호선,2632,한강진,316838 ,370509 ,26225 ,26411 
Dec.24,6호선,2633,버티고개,51717 ,50275 ,14697 ,16992 
Dec.24,6호선,2634,약수,95206 ,90461 ,23233 ,23214 
Dec.24,6호선,2635,청구,93304 ,88780 ,21067 ,22451 
Dec.24,6호선,2636,신당,237352 ,240072 ,43188 ,41684 
Dec.24,6호선,2637,동묘앞,205321 ,211605 ,74898 ,69784 
Dec.24,6호선,2638,창신,85866 ,70815 ,21074 ,20307 
Dec.24,6호선,2639,보문,209651 ,195251 ,34544 ,32621 
Dec.24,6호선,2640,안암(고대병원앞),340272 ,337342 ,41188 ,40194 
Dec.24,6호선,2641,고려대(종암),228317 ,216845 ,37325 ,37079 
Dec.24,6호선,2642,월곡(동덕여대),272963 ,265885 ,73650 ,73240 
Dec.24,6호선,2643,상월곡(한국과학기술연구원),148631 ,129748 ,43862 ,42321 
Dec.24,6호선,2644,돌곶이,240974 ,216900 ,64706 ,64124 
Dec.24,6호선,2645,석계,290692 ,299387 ,87161 ,86618 
Dec.24,6호선,2646,태릉입구,141600 ,156023 ,36306 ,36137 
Dec.24,6호선,2647,화랑대(서울여대입구),294616 ,231343 ,55064 ,50453 
Dec.24,6호선,2648,봉화산(서울의료원),205330 ,189871 ,55750 ,54994 
Dec.24,6호선,2649,신내,11 ,0 ,1 ,0 
Dec.24,7호선,2711,장암,65498 ,26496 ,14407 ,10669 
Dec.24,7호선,2712,도봉산,214558 ,242387 ,49994 ,73499 
Dec.24,7호선,2713,수락산,273746 ,264058 ,112298 ,114314 
Dec.24,7호선,2714,마들,297394 ,275859 ,103680 ,101976 
Dec.24,7호선,2715,노원,478508 ,505971 ,150321 ,148648 
Dec.24,7호선,2716,중계,332846 ,300888 ,102093 ,99839 
Dec.24,7호선,2717,하계,426234 ,394815 ,125084 ,120342 
Dec.24,7호선,2718,공릉(서울과학기술대),291034 ,283962 ,83192 ,84077 
Dec.24,7호선,2719,태릉입구,210168 ,196374 ,50036 ,46780 
Dec.24,7호선,2720,먹골,230909 ,227186 ,73017 ,74660 
Dec.24,7호선,2721,중화,247764 ,243242 ,70743 ,70762 
Dec.24,7호선,2722,상봉,457017 ,444997 ,87587 ,83964 
Dec.24,7호선,2723,면목,343115 ,311803 ,103354 ,105053 
Dec.24,7호선,2724,사가정,372476 ,379774 ,113508 ,116587 
Dec.24,7호선,2725,용마산(용마폭포공원),133027 ,125825 ,37628 ,41008 
Dec.24,7호선,2726,중곡,256920 ,238468 ,71145 ,71639 
Dec.24,7호선,2727,군자(능동),359542 ,279099 ,92428 ,78581 
Dec.24,7호선,2728,어린이대공원(세종대),428326 ,431976 ,46891 ,46538 
Dec.24,7호선,2729,건대입구,362034 ,383538 ,69572 ,63979 
Dec.24,7호선,2730,자양(뚝섬한강공원),192813 ,186671 ,47835 ,47579 
Dec.24,7호선,2731,청담,438349 ,489845 ,83450 ,80901 
Dec.24,7호선,2732,강남구청,406128 ,458066 ,56876 ,57352 
Dec.24,7호선,2733,학동,581042 ,609484 ,69749 ,66550 
Dec.24,7호선,2734,논현,487181 ,514159 ,48616 ,47671 
Dec.24,7호선,2735,반포,152712 ,144765 ,42256 ,40418 
Dec.24,7호선,2736,고속터미널,492770 ,378138 ,87917 ,78684 
Dec.24,7호선,2737,내방,346012 ,351903 ,79734 ,76616 
Dec.24,7호선,2738,이수,421776 ,405861 ,90727 ,85262 
Dec.24,7호선,2739,남성,254928 ,239146 ,81344 ,82215 
Dec.24,7호선,2740,숭실대입구(살피재),330131 ,327515 ,68809 ,70729 
Dec.24,7호선,2741,상도,293132 ,285839 ,70062 ,67160 
Dec.24,7호선,2742,장승배기,206743 ,197199 ,73062 ,73555 
Dec.24,7호선,2743,신대방삼거리,342166 ,321936 ,97513 ,100430 
Dec.24,7호선,2744,보라매,169238 ,174115 ,35646 ,36324 
Dec.24,7호선,2745,신풍,267317 ,247881 ,81863 ,80494 
Dec.24,7호선,2746,대림(구로구청),240783 ,244494 ,50654 ,50299 
Dec.24,7호선,2747,남구로,354761 ,374504 ,66614 ,67282 
Dec.24,7호선,2748,가산디지털단지,1062074 ,1064234 ,100257 ,94603 
Dec.24,7호선,2749,철산,519938 ,532113 ,121562 ,121343 
Dec.24,7호선,2750,광명사거리,453072 ,437078 ,167595 ,172519 
Dec.24,7호선,2751,천왕,273550 ,259343 ,65357 ,66343 
Dec.24,7호선,2752,온수(성공회대입구),242241 ,219756 ,46458 ,44114 
Dec.24,7호선,2753,까치울,0 ,0 ,1 ,0 
Dec.24,8호선,2810,암사역사공원,141220 ,122495 ,32877 ,31873 
Dec.24,8호선,2811,암사,382486 ,345486 ,116380 ,115801 
Dec.24,8호선,2812,천호(풍납토성),423287 ,493311 ,112675 ,112113 
Dec.24,8호선,2813,강동구청,244062 ,251307 ,76892 ,77732 
Dec.24,8호선,2814,몽촌토성(평화의문),180484 ,188501 ,41223 ,40608 
Dec.24,8호선,2815,잠실(송파구청),551721 ,648023 ,99940 ,98025 
Dec.24,8호선,2816,석촌,210518 ,254620 ,60726 ,63570 
Dec.24,8호선,2817,송파,221476 ,218533 ,74854 ,74405 
Dec.24,8호선,2818,가락시장,198478 ,226557 ,75958 ,76998 
Dec.24,8호선,2819,문정,557914 ,579269 ,71253 ,71509 
Dec.24,8호선,2820,장지,436142 ,398808 ,97082 ,91165 
Dec.24,8호선,2821,복정,243687 ,205210 ,46744 ,42082 
Dec.24,8호선,2822,산성,146928 ,144577 ,37083 ,39994 
Dec.24,8호선,2823,남한산성입구(성남법원.검찰청),318848 ,284788 ,82187 ,77977 
Dec.24,8호선,2824,단대오거리,281492 ,265412 ,80797 ,78921 
Dec.24,8호선,2825,신흥,114520 ,117571 ,45359 ,46461 
Dec.24,8호선,2826,수진,123627 ,110641 ,49355 ,48677 
Dec.24,8호선,2827,모란,102272 ,82790 ,62330 ,48134 
Dec.24,8호선,2828,남위례,184941 ,183795 ,40318 ,39084 
Dec.24,9호선,4101,개화,66068 ,43610 ,12985 ,10323 
Dec.24,9호선,4102,김포공항,183567 ,311541 ,19823 ,28873 
Dec.24,9호선,4103,공항시장,67176 ,72016 ,26842 ,28620 
Dec.24,9호선,4104,신방화,162869 ,156536 ,50970 ,51573 
Dec.24,9호선,4105,마곡나루(서울식물원),389233 ,380431 ,42057 ,41160 
Dec.24,9호선,4106,양천향교,248429 ,253841 ,50541 ,50103 
Dec.24,9호선,4107,가양,521541 ,511419 ,150515 ,147669 
Dec.24,9호선,4108,증미,186612 ,177866 ,40538 ,40448 
Dec.24,9호선,4109,등촌,275841 ,259872 ,94033 ,94970 
Dec.24,9호선,4110,염창,447262 ,425869 ,85361 ,82859 
Dec.24,9호선,4111,신목동,105823 ,91718 ,28786 ,27123 
Dec.24,9호선,4112,선유도,216072 ,198885 ,35525 ,34599 
Dec.24,9호선,4113,당산,524733 ,520996 ,80690 ,74839 
Dec.24,9호선,4114,국회의사당,566980 ,561248 ,77592 ,71795 
Dec.24,9호선,4115,여의도,912310 ,881686 ,65182 ,60335 
Dec.24,9호선,4116,샛강,199298 ,192007 ,33190 ,32680 
Dec.24,9호선,4117,노량진,746861 ,741160 ,102697 ,100746 
Dec.24,9호선,4118,노들,112200 ,89296 ,36226 ,33459 
Dec.24,9호선,4119,흑석(중앙대입구),218613 ,222899 ,63123 ,62884 
Dec.24,9호선,4120,동작(현충원),43687 ,41819 ,12564 ,11264 
Dec.24,9호선,4121,구반포,33882 ,32206 ,10878 ,10410 
Dec.24,9호선,4122,신반포,101146 ,95665 ,31648 ,31644 
Dec.24,9호선,4123,고속터미널,423787 ,608199 ,78663 ,95811 
Dec.24,9호선,4124,사평,98585 ,92882 ,26964 ,26813 
Dec.24,9호선,4125,신논현,918463 ,946535 ,61017 ,60021 
Dec.24,공항철도 1호선,4201,서울역,391862 ,355592 ,38775 ,34775 
Dec.24,공항철도 1호선,4202,공덕,81433 ,111953 ,9764 ,12545 
Dec.24,공항철도 1호선,4203,홍대입구,477909 ,463328 ,22096 ,20745 
Dec.24,공항철도 1호선,4204,디지털미디어시티,364464 ,343517 ,33389 ,31672 
Dec.24,공항철도 1호선,4206,마곡나루(서울식물원),289094 ,282841 ,17755 ,17963 
Dec.24,공항철도 1호선,4207,김포공항,257699 ,156049 ,24259 ,15442 
Dec.24,공항철도 1호선,4208,계양,353897 ,334328 ,41687 ,40341 
Dec.24,공항철도 1호선,4209,검암,171188 ,171546 ,17174 ,17395 
Dec.24,공항철도 1호선,4210,청라국제도시,209601 ,198012 ,16919 ,16905 
Dec.24,공항철도 1호선,4211,운서,267994 ,283145 ,32391 ,32185 
Dec.24,공항철도 1호선,4212,공항화물청사,46726 ,59496 ,9915 ,9976 
Dec.24,공항철도 1호선,4213,인천공항1터미널,423312 ,411405 ,37098 ,32552 
Dec.24,공항철도 1호선,4215,인천공항2터미널,217423 ,181014 ,21388 ,18148 
Dec.24,공항철도 1호선,4217,영종,106814 ,107531 ,23896 ,23753 
Dec.24,9호선2~3단계,4126,언주,302304 ,305666 ,34259 ,33940 
Dec.24,9호선2~3단계,4127,선정릉,260926 ,285970 ,31801 ,32881 
Dec.24,9호선2~3단계,4128,삼성중앙,190815 ,199661 ,31253 ,30703 
Dec.24,9호선2~3단계,4129,봉은사,596387 ,632814 ,63059 ,60101 
Dec.24,9호선2~3단계,4130,종합운동장,131721 ,130172 ,22947 ,21103 
Dec.24,9호선2~3단계,4131,삼전,197388 ,185160 ,47157 ,46208 
Dec.24,9호선2~3단계,4132,석촌고분,172115 ,168061 ,46412 ,46435 
Dec.24,9호선2~3단계,4133,석촌,250626 ,222570 ,45678 ,39983 
Dec.24,9호선2~3단계,4134,송파나루,149251 ,158409 ,33645 ,35878 
Dec.24,9호선2~3단계,4135,한성백제,75349 ,66541 ,19857 ,18071 
Dec.24,9호선2~3단계,4136,올림픽공원(한국체대),234796 ,242432 ,30129 ,30419 
Dec.24,9호선2~3단계,4137,둔촌오륜,47770 ,45979 ,12870 ,13281 
Dec.24,9호선2~3단계,4138,중앙보훈병원,268583 ,228173 ,88074 ,85675 
Dec.24,우이신설선,4701,북한산우이,54522 ,47319 ,38698 ,40304 
Dec.24,우이신설선,4702,솔밭공원,48580 ,42537 ,30942 ,31543 
Dec.24,우이신설선,4703,4.19민주묘지,64183 ,62159 ,39233 ,35516 
Dec.24,우이신설선,4704,가오리,74371 ,70714 ,50435 ,52114 
Dec.24,우이신설선,4705,화계,59469 ,53989 ,49267 ,49071 
Dec.24,우이신설선,4706,삼양,37168 ,38267 ,30560 ,33551 
Dec.24,우이신설선,4707,삼양사거리,39679 ,39038 ,38113 ,37929 
Dec.24,우이신설선,4708,솔샘,132322 ,119852 ,43674 ,45564 
Dec.24,우이신설선,4709,북한산보국문,144506 ,130233 ,48725 ,47453 
Dec.24,우이신설선,4710,정릉,95889 ,84023 ,51534 ,48630 
Dec.24,우이신설선,4711,성신여대입구(돈암),78379 ,90163 ,34478 ,32986 
Dec.24,우이신설선,4712,보문,34545 ,34180 ,17140 ,17576 
Dec.24,우이신설선,4713,신설동,37889 ,38210 ,35186 ,30873 
Dec.24,신림선,4401,샛강,73860 ,108111 ,16106 ,15803 
Dec.24,신림선,4402,대방,80203 ,57448 ,21930 ,17593 
Dec.24,신림선,4403,서울지방병무청,65131 ,70702 ,27766 ,30154 
Dec.24,신림선,4404,보라매,104244 ,95272 ,28531 ,25943 
Dec.24,신림선,4405,보라매공원,46778 ,50477 ,18063 ,19427 
Dec.24,신림선,4406,보라매병원,160899 ,169561 ,59786 ,58342 
Dec.24,신림선,4407,당곡,105109 ,100531 ,43079 ,42711 
Dec.24,신림선,4408,신림,48019 ,58256 ,21180 ,23253 
Dec.24,신림선,4409,서원,81249 ,68485 ,26941 ,25749 
Dec.24,신림선,4410,서울대벤처타운,227034 ,201180 ,71166 ,70966 
Dec.24,신림선,4411,관악산(서울대),57130 ,56153 ,31464 ,31368 